,admission_type_id,discharge_disposition_id,admission_source_id,time_in_hospital,num_lab_procedures,num_procedures,num_medications,number_outpatient,number_emergency,number_inpatient,number_diagnoses,readmitted
count,101766.0,101766.0,101766.0,101766.0,101766.0,101766.0,101766.0,101766.0,101766.0,101766.0,101766.0,101766.0
mean,2.024006053102215,3.7156417664052825,5.754436648782501,4.395986871843248,43.09564098028811,1.339730361810428,16.021844230882614,0.36935715268360747,0.19783621248747127,0.635565906098304,7.422606764538254,0.11159915885462728
std,1.4454028297561203,5.280165509299271,4.064080834283899,2.985107767471267,19.674362249142124,1.7058069791211592,8.127566209167284,1.267265096532678,0.9304722684224636,1.2628632900973233,1.9336001449974285,0.3148741984505552
min,1.0,1.0,1.0,1.0,1.0,0.0,1.0,0.0,0.0,0.0,1.0,0.0
25%,1.0,1.0,1.0,2.0,31.0,0.0,10.0,0.0,0.0,0.0,6.0,0.0
50%,1.0,1.0,7.0,4.0,44.0,1.0,15.0,0.0,0.0,0.0,8.0,0.0
75%,3.0,4.0,7.0,6.0,57.0,2.0,20.0,0.0,0.0,1.0,9.0,0.0
max,8.0,28.0,25.0,14.0,132.0,6.0,81.0,42.0,76.0,21.0,16.0,1.0
